Sl No:,Customer,Month,Type,Amount
1,A1,12-Jan-04,JEWELLERY,485470.8
2,A1,03-Jan-04,PETRO,410556.13
3,A1,15-Jan-04,CLOTHES,23740.46
4,A1,25-Jan-04,FOOD,484342.47
5,A1,17-Jan-05,CAMERA,369694.07
6,A1,23-Feb-05,SANDALS,168285.6
7,A1,01-Feb-05,CAR,23370.2
8,A8,05-Feb-04,BIKE,155562.58
9,A9,28-Feb-05,AUTO,38269.94
10,A10,16-Feb-05,SHOPPING,194795.88
11,A11,23-Feb-05,AIR TICKET,307622.01
12,A12,03-Feb-05,BUS TICKET,151921.12
13,A13,04-Feb-06,TRAIN TICKET,307940.97
14,A14,25-Mar-06,RENTAL,9509.6
15,A15,31-Mar-06,MOVIE TICKET,399874.98
16,A16,23-Mar-06,JEWELLERY,2845.76
17,A17,19-Mar-04,PETRO,457931.43
18,A18,05-Mar-06,CLOTHES,19272.94
19,A19,04-Apr-05,FOOD,441442.26
20,A20,30-Apr-06,JEWELLERY,356733.48
21,A21,25-Apr-04,PETRO,190011.63
22,A22,19-Apr-06,CLOTHES,423672.5
23,A23,06-Apr-04,FOOD,390850.96
24,A24,27-Apr-05,CAMERA,328845.08
25,A25,05-May-04,SANDALS,446040.47
26,A26,06-May-06,CAR,6588.51
27,A27,07-May-05,BIKE,275144.42
28,A28,08-May-06,AUTO,66432.37
29,A29,09-May-05,SHOPPING,18877.48
30,A30,10-May-06,AIR TICKET,24399.98
31,A31,11-Jul-06,BUS TICKET,272112.42
32,A32,12-Aug-05,TRAIN TICKET,126461.49
33,A33,13-Sep-04,RENTAL,226271.97
34,A34,20-Nov-05,MOVIE TICKET,109129.96
35,A35,21-Nov-06,CAMERA,156630.14
36,A36,22-Nov-05,SANDALS,200228.1
37,A37,23-Nov-04,CAR,139814.59
38,A38,24-May-05,BIKE,376872.51
39,A39,25-May-05,AUTO,117691.42
40,A40,26-May-05,SHOPPING,227791.62
41,A41,27-May-05,AIR TICKET,359764.34
42,A42,28-May-05,BUS TICKET,217211.47
43,A43,29-May-05,TRAIN TICKET,162417.22
44,A44,30-May-05,RENTAL,188171.64
45,A45,31-May-05,MOVIE TICKET,365725.04
46,A46,01-Jun-05,JEWELLERY,319538.35
47,A47,02-Jun-05,PETRO,193736.65
48,A48,03-Jun-05,CLOTHES,433240.56
49,A49,03-Jul-05,FOOD,93689.16
50,A50,03-Aug-05,CAMERA,315690.47
51,A51,03-Sep-05,SANDALS,249496.99
52,A52,03-Oct-05,CAR,50877.1
53,A53,03-Nov-05,BIKE,395078.96
54,A54,03-Dec-05,AUTO,155708.16
55,A55,03-Jan-06,SHOPPING,343548.59
56,A56,03-Feb-06,AIR TICKET,22463.65
57,A57,03-Mar-06,BUS TICKET,324423
58,A58,03-Apr-06,TRAIN TICKET,252719.43
59,A59,03-May-06,RENTAL,65444.06
60,A60,03-Jun-06,MOVIE TICKET,285128.75
61,A61,03-Jul-06,JEWELLERY,246888.98
62,A60,03-Aug-06,PETRO,423934.57
63,A61,03-Sep-06,CLOTHES,115354.86
64,A62,03-Oct-06,FOOD,73920.68
65,A63,03-Nov-06,CAMERA,180692.76
66,A64,03-Dec-06,SANDALS,393513.71
67,A65,12-Jan-04,CAR,177417.81
68,A66,03-Jan-04,BIKE,321903.62
69,A67,15-Jan-04,AUTO,199744.78
70,A68,25-Jan-04,SHOPPING,9665.48
71,A69,17-Jan-05,AIR TICKET,113339.36
72,A70,23-Feb-05,AIR TICKET,188959.72
73,A71,01-Feb-05,AIR TICKET,116422.06
74,A72,05-Feb-04,AIR TICKET,360587.42
75,A73,28-Feb-05,AIR TICKET,47380.56
76,A74,16-Feb-05,AIR TICKET,216681.9
77,A75,23-Feb-05,AIR TICKET,217827.88
78,A76,03-Feb-05,AIR TICKET,30066.44
79,A77,04-Feb-06,AIR TICKET,31048.93
80,A78,25-Mar-06,CAMERA,432217.57
81,A79,31-Mar-06,SANDALS,405913.14
82,A80,23-Mar-06,CAR,474797.3
83,A81,24-Mar-06,BIKE,175659.72
84,A82,25-Mar-06,AUTO,379401.53
85,A83,26-Mar-06,SHOPPING,177942.07
86,A84,27-Mar-06,AIR TICKET,124861.57
87,A85,28-Mar-06,BUS TICKET,398873.75
88,A86,29-Mar-06,TRAIN TICKET,166438.62
89,A87,30-Mar-06,RENTAL,483886.62
90,A88,31-Mar-06,MOVIE TICKET,26518.91
91,A89,01-Apr-06,JEWELLERY,24972.02
92,A90,02-Apr-06,PETRO,264882.27
93,A91,03-Apr-06,CLOTHES,89951.84
94,A92,04-Apr-06,FOOD,341858.87
95,A93,12-Jan-04,CAMERA,297505.09
96,A94,03-Jan-04,SANDALS,312714.37
97,A95,15-Jan-04,CAR,240401.5
98,A96,25-Jan-04,BIKE,54729.66
99,A97,12-Jan-04,AUTO,139018.26
100,A98,03-Jan-04,SHOPPING,284521.06
101,A99,15-Jan-04,AIR TICKET,90184.22
102,A100,25-Jan-04,BUS TICKET,224786.88
103,A1,12-Jan-04,TRAIN TICKET,440563.22
104,A2,03-Jan-04,RENTAL,199554.72
105,A3,15-Jan-04,MOVIE TICKET,418202.62
106,A4,25-Jan-04,JEWELLERY,273400.75
107,A5,12-Jan-04,PETRO,272700.86
108,A6,03-Jan-04,CLOTHES,195373.41
109,A7,15-Jan-04,FOOD,210870.21
110,A8,12-Jan-04,CAMERA,470561.03
111,A9,03-Jan-04,CAMERA,143855.64
112,A10,15-Jan-04,CAMERA,240056.14
113,A11,25-Jan-04,CAMERA,139319.83
114,A12,17-Jan-05,CAMERA,133441.76
115,A13,23-Feb-05,SHOPPING,172271.16
116,A14,01-Feb-05,AIR TICKET,394078.34
117,A1,05-Feb-04,BUS TICKET,52208.65
118,A2,28-Feb-05,TRAIN TICKET,376887.49
119,A3,16-Feb-05,TRAIN TICKET,194358.94
120,A4,23-Feb-05,TRAIN TICKET,184352.72
121,A5,03-Feb-05,TRAIN TICKET,125817.82
122,A6,04-Feb-06,TRAIN TICKET,74569.98
123,A7,25-Mar-06,TRAIN TICKET,123765.33
124,A8,31-Mar-06,TRAIN TICKET,113366.26
125,A9,23-Mar-06,CAMERA,206959.61
126,A10,19-Mar-04,SANDALS,47866.78
127,A11,05-Mar-06,CAR,173876.16
128,A12,04-Apr-05,BIKE,126009.02
129,A13,30-Apr-06,AUTO,354503.56
130,A14,25-Apr-04,SHOPPING,461091.85
131,A1,19-Apr-06,AIR TICKET,346925.68
132,A2,06-Apr-04,BUS TICKET,439648.53
133,A3,27-Apr-05,TRAIN TICKET,94389.66
134,A4,05-May-04,RENTAL,104771.98
135,A5,06-May-06,MOVIE TICKET,413858.41
136,A6,07-May-05,JEWELLERY,130023.62
137,A7,08-May-06,PETRO,238772.07
138,A8,09-May-05,PETRO,371894.08
139,A9,10-May-06,PETRO,108752.51
140,A10,11-Jul-06,PETRO,239798.03
141,A11,12-Aug-05,PETRO,404113.85
142,A12,13-Sep-04,PETRO,479627.87
143,A13,20-Nov-05,PETRO,456431.18
144,A14,21-Nov-06,PETRO,9819.62
145,A1,22-Nov-05,PETRO,183839.61
146,A2,23-Nov-04,PETRO,384078.73
147,A3,24-May-05,PETRO,183707.24
148,A4,25-May-05,PETRO,31107.95
149,A5,26-May-05,PETRO,384309.63
150,A6,27-May-05,MOVIE TICKET,89467.92
151,A7,28-May-05,CAMERA,22964.17
152,A8,29-May-05,CAMERA,335298.81
153,A9,30-May-05,CAMERA,306526.12
154,A10,31-May-05,SHOPPING,118875.68
155,A11,01-Jun-05,AIR TICKET,272982.02
156,A12,02-Jun-05,BUS TICKET,189763.11
157,A13,03-Jun-05,TRAIN TICKET,240226.29
158,A14,03-Jul-05,RENTAL,294099.59
159,A1,03-Aug-05,MOVIE TICKET,344372.1
160,A2,03-Sep-05,JEWELLERY,117089.16
161,A3,03-Oct-05,PETRO,445534.57
162,A4,03-Nov-05,CLOTHES,23040.07
163,A5,03-Dec-05,FOOD,230668.23
164,A6,03-Jan-06,CAMERA,235787.09
165,A7,03-Feb-06,SANDALS,202045.12
166,A8,03-Mar-06,CAR,248077.43
167,A9,03-Apr-06,BIKE,150348.46
168,A10,03-May-06,AUTO,10615.48
169,A11,03-Jun-06,SHOPPING,294577.34
170,A12,03-Jul-06,AIR TICKET,77725.32
171,A13,03-Aug-06,BUS TICKET,25860.69
172,A14,03-Sep-06,TRAIN TICKET,108506.2
173,A1,03-Oct-06,RENTAL,244534.68
174,A2,03-Nov-06,MOVIE TICKET,75728.35
175,A3,03-Dec-06,JEWELLERY,491710.5
176,A4,12-Jan-04,PETRO,35293.85
177,A5,03-Jan-04,CLOTHES,143057.63
178,A6,15-Jan-04,FOOD,102914.5
179,A7,25-Jan-04,FOOD,131957.64
180,A8,17-Jan-05,FOOD,27596.71
181,A9,23-Feb-05,FOOD,15000.55
182,A10,01-Feb-05,FOOD,36477.84
183,A11,05-Feb-04,FOOD,66306.06
184,A12,28-Feb-05,FOOD,24218.26
185,A13,16-Feb-05,FOOD,293846.44
186,A14,23-Feb-05,FOOD,111896.48
187,A1,03-Feb-05,FOOD,155611.91
188,A2,04-Feb-06,FOOD,175345.84
189,A3,25-Mar-06,FOOD,418516.31
190,A4,31-Mar-06,FOOD,466690.74
191,A5,23-Mar-06,FOOD,244557.11
192,A6,24-Mar-06,FOOD,149094.95
193,A7,25-Mar-06,FOOD,30727.68
194,A8,26-Mar-06,FOOD,270994.47
195,A9,27-Mar-06,FOOD,261113.44
196,A10,28-Mar-06,FOOD,74554.87
197,A11,29-Mar-06,FOOD,45366.66
198,A12,30-Mar-06,SHOPPING,350004.39
199,A13,31-Mar-06,AIR TICKET,460656.56
200,A14,01-Apr-06,BUS TICKET,341157.43
201,A1,02-Apr-06,TRAIN TICKET,176372.82
202,A2,03-Apr-06,RENTAL,367364.53
203,A3,04-Apr-06,MOVIE TICKET,16375.23
204,A4,12-Jan-04,JEWELLERY,130804.05
205,A5,03-Jan-04,PETRO,399316.12
206,A6,15-Jan-04,CLOTHES,488508.91
207,A7,25-Jan-04,FOOD,365615.44
208,A8,12-Jan-04,CAMERA,219438.79
209,A9,03-Jan-04,CAMERA,77322.7
210,A10,15-Jan-04,CAMERA,31496.69
211,A11,25-Jan-04,CAMERA,59091.19
212,A12,12-Jan-04,SHOPPING,460555.54
213,A13,03-Jan-04,AIR TICKET,120263.91
214,A14,15-Jan-04,BUS TICKET,425291.52
215,A1,25-Jan-04,TRAIN TICKET,394970.96
216,A2,12-Jan-04,RENTAL,366519.94
217,A3,03-Jan-04,MOVIE TICKET,368574.41
218,A4,15-Jan-04,JEWELLERY,43757.56
219,A5,12-Jan-04,PETRO,122573.12
220,A6,03-Jan-04,CLOTHES,18162.3
221,A7,15-Jan-04,CLOTHES,455534.79
222,A8,25-Jan-04,CLOTHES,197893.32
223,A9,17-Jan-05,CLOTHES,14500.38
224,A10,23-Feb-05,CLOTHES,48568.07
225,A11,01-Feb-05,CLOTHES,313864.03
226,A12,05-Feb-04,CLOTHES,214891.01
227,A13,28-Feb-05,CLOTHES,283832.24
228,A14,16-Feb-05,CLOTHES,133659.56
229,A1,23-Feb-05,CLOTHES,476702.09
230,A2,03-Feb-05,CLOTHES,197585.76
231,A3,04-Feb-06,CLOTHES,384693.67
232,A4,25-Mar-06,CLOTHES,181142.29
233,A5,31-Mar-06,CLOTHES,42224.84
234,A6,23-Mar-06,CLOTHES,429780.86
235,A7,19-Mar-04,CLOTHES,149173.49
236,A8,05-Mar-06,CLOTHES,159812.18
237,A9,04-Apr-05,CAMERA,46333.89
238,A10,30-Apr-06,CAMERA,270721.68
239,A11,25-Apr-04,CAMERA,483603.21
240,A12,19-Apr-06,CAMERA,104548.34
241,A13,06-Apr-04,SHOPPING,440316.95
242,A14,27-Apr-05,AIR TICKET,205929.95
243,A1,05-May-04,BUS TICKET,361141.31
244,A2,06-May-06,TRAIN TICKET,369689.78
245,A3,07-May-05,RENTAL,285184.71
246,A4,08-May-06,MOVIE TICKET,497348.05
247,A5,09-May-05,JEWELLERY,161445.71
248,A6,10-May-06,PETRO,319011.87
249,A7,11-Jul-06,PETRO,212275.8
250,A8,12-Aug-05,PETRO,37708.16
251,A9,13-Sep-04,PETRO,489715.08
252,A10,20-Nov-05,PETRO,459690.69
253,A11,21-Nov-06,PETRO,472854.21
254,A12,22-Nov-05,PETRO,383087.29
255,A13,23-Nov-04,PETRO,125216.76
256,A14,24-May-05,PETRO,84390.34
257,A5,25-May-05,PETRO,283338.48
258,A6,26-May-05,PETRO,253033.48
259,A7,27-May-05,PETRO,108439.47
260,A8,28-May-05,PETRO,274522.32
261,A9,29-May-05,PETRO,416832.87
262,A10,30-May-05,PETRO,387940.9
263,A11,31-May-05,PETRO,179462.61
264,A12,01-Jun-05,CLOTHES,81201.58
265,A13,02-Jun-05,FOOD,249438.28
266,A14,03-Jun-05,CAMERA,370497.2
267,A15,03-Jul-05,CAMERA,315252.93
268,A16,03-Aug-05,CAMERA,148922.42
269,A17,03-Sep-05,CAMERA,220824.11
270,A18,03-Oct-05,SHOPPING,115488.88
271,A19,03-Nov-05,AIR TICKET,167577.01
272,A20,03-Dec-05,AIR TICKET,289182.73
273,A21,03-Jan-06,AIR TICKET,477615.93
274,A22,03-Feb-06,AIR TICKET,261854.22
275,A5,03-Mar-06,AIR TICKET,10763.44
276,A6,03-Apr-06,AIR TICKET,357943.87
277,A7,03-May-06,AIR TICKET,305050.62
278,A8,03-Jun-06,AIR TICKET,173354.23
279,A9,03-Jul-06,AIR TICKET,349086.47
280,A10,03-Aug-06,AIR TICKET,454827.23
281,A11,03-Sep-06,AIR TICKET,67560.48
282,A12,03-Oct-06,CAR,446841.82
283,A13,03-Nov-06,BIKE,28139.06
284,A14,03-Dec-06,AUTO,289884.23
285,A15,12-Jan-04,SHOPPING,162080.83
286,A16,03-Jan-04,AIR TICKET,405719.84
287,A17,15-Jan-04,BUS TICKET,140735.03
288,A18,25-Jan-04,TRAIN TICKET,82720.75
289,A19,17-Jan-05,RENTAL,317065.31
290,A20,23-Feb-05,MOVIE TICKET,460130.36
291,A21,01-Feb-05,JEWELLERY,203505.93
292,A22,05-Feb-04,PETRO,32089.03
293,A5,28-Feb-05,CLOTHES,359966.31
294,A6,16-Feb-05,FOOD,433956.78
295,A7,23-Feb-05,CAMERA,314704.54
296,A8,03-Feb-05,CAMERA,259015.91
297,A9,04-Feb-06,CAMERA,190192.38
298,A10,25-Mar-06,CAMERA,281472.15
299,A11,31-Mar-06,CAMERA,312063.64
300,A12,23-Mar-06,CAMERA,25824.98
301,A13,24-Mar-06,CAMERA,77748.47
302,A14,25-Mar-06,CAMERA,30849.09
303,A15,26-Mar-06,CAMERA,50155.08
304,A16,27-Mar-06,CAMERA,391477.9
305,A17,28-Mar-06,CAMERA,249002.72
306,A18,29-Mar-06,CAMERA,334432.74
307,A19,30-Mar-06,CLOTHES,445841.52
308,A20,31-Mar-06,FOOD,406960.62
309,A21,01-Apr-06,CAMERA,265164.32
310,A22,02-Apr-06,SANDALS,271866.51
311,A5,03-Apr-06,CAR,165218.48
312,A6,04-Apr-06,BIKE,498734.85
313,A7,12-Jan-04,AUTO,498358.28
314,A8,03-Jan-04,SHOPPING,185686.01
315,A9,15-Jan-04,AIR TICKET,390506.29
316,A10,25-Jan-04,BUS TICKET,211880.15
317,A11,12-Jan-04,TRAIN TICKET,192485.69
318,A12,03-Jan-04,RENTAL,497770.15
319,A13,15-Jan-04,MOVIE TICKET,358215.28
320,A14,25-Jan-04,JEWELLERY,102546.39
321,A15,12-Jan-04,PETRO,300895.4
322,A16,03-Jan-04,CLOTHES,105685.17
323,A17,15-Jan-04,FOOD,246993.23
324,A18,25-Jan-04,FOOD,466922.14
325,A19,12-Jan-04,FOOD,410478.96
326,A20,03-Jan-04,FOOD,294948.41
327,A21,15-Jan-04,FOOD,100501.87
328,A22,12-Jan-04,FOOD,370895.27
329,A5,03-Jan-04,FOOD,326052.18
330,A6,15-Jan-04,BUS TICKET,352326.62
331,A7,25-Jan-04,TRAIN TICKET,461282.47
332,A8,17-Jan-05,RENTAL,405002.42
333,A9,23-Feb-05,MOVIE TICKET,83927.36
334,A10,01-Feb-05,JEWELLERY,498388.88
335,A11,05-Feb-04,PETRO,263577.25
336,A12,28-Feb-05,CLOTHES,331227.52
337,A13,16-Feb-05,FOOD,106381.38
338,A14,23-Feb-05,CAMERA,442625.24
339,A15,03-Feb-05,SANDALS,93032.72
340,A16,04-Feb-06,CAR,435234.62
341,A17,25-Mar-06,BIKE,110076.88
342,A18,31-Mar-06,AUTO,478891.22
343,A19,23-Mar-06,SHOPPING,243960.25
344,A20,19-Mar-04,AIR TICKET,274363.73
345,A21,05-Mar-06,BUS TICKET,210648.82
346,A22,04-Apr-05,TRAIN TICKET,8987.04
347,A5,30-Apr-06,RENTAL,42483.81
348,A6,25-Apr-04,MOVIE TICKET,100962.14
349,A7,19-Apr-06,JEWELLERY,165956.43
350,A8,06-Apr-04,PETRO,35196.11
351,A9,27-Apr-05,CLOTHES,79149.37
352,A10,05-May-04,FOOD,239397.51
353,A11,06-May-06,CAMERA,468501.45
354,A12,07-May-05,CAMERA,442439.36
355,A13,08-May-06,CAMERA,275775.47
356,A14,09-May-05,CAMERA,177293.8
357,A15,10-May-06,SHOPPING,496915.29
358,A16,11-Jul-06,AIR TICKET,100425.24
359,A17,12-Aug-05,BUS TICKET,206451.17
360,A18,13-Sep-04,TRAIN TICKET,457364.09
361,A19,20-Nov-05,RENTAL,266948.51
362,A20,21-Nov-06,MOVIE TICKET,126928.82
363,A21,22-Nov-05,JEWELLERY,401959.6
364,A22,23-Nov-04,PETRO,417496.52
365,A12,24-May-05,CLOTHES,319918.7
366,A13,25-May-05,FOOD,382311.03
367,A14,26-May-05,FOOD,471424.21
368,A15,27-May-05,FOOD,30238.7
369,A16,28-May-05,FOOD,423809.31
370,A17,29-May-05,FOOD,242927.78
371,A18,30-May-05,FOOD,234158.9
372,A19,31-May-05,FOOD,117920.96
373,A20,01-Jun-05,FOOD,405378.23
374,A21,02-Jun-05,FOOD,247287.46
375,A22,03-Jun-05,FOOD,273207.18
376,A23,03-Jul-05,FOOD,332157.16
377,A24,03-Aug-05,FOOD,75079.67
378,A25,03-Sep-05,JEWELLERY,126931.94
379,A26,03-Oct-05,PETRO,221293.03
380,A27,03-Nov-05,CLOTHES,489749.85
381,A28,03-Dec-05,FOOD,237335.43
382,A29,03-Jan-06,CAMERA,368454.1
383,A30,03-Feb-06,BIKE,398239.13
384,A12,03-Mar-06,AUTO,371251.15
385,A13,03-Apr-06,SHOPPING,218692.79
386,A14,03-May-06,AIR TICKET,239984.25
387,A15,03-Jun-06,BUS TICKET,88817.36
388,A16,03-Jul-06,TRAIN TICKET,348188.74
389,A17,03-Aug-06,RENTAL,214618.64
390,A18,03-Sep-06,MOVIE TICKET,246029.64
391,A19,03-Oct-06,JEWELLERY,200588.13
392,A20,03-Nov-06,PETRO,344151.68
393,A21,03-Dec-06,PETRO,452425.82
394,A22,12-Jan-04,PETRO,106897.2
395,A23,03-Jan-04,PETRO,466587.47
396,A24,15-Jan-04,PETRO,224361.64
397,A25,25-Jan-04,PETRO,243221.98
398,A26,17-Jan-05,PETRO,282318.78
399,A27,23-Feb-05,PETRO,492311.93
400,A28,01-Feb-05,PETRO,273388.83
401,A29,05-Feb-04,PETRO,229011.5
402,A30,28-Feb-05,PETRO,15151.26
403,A12,16-Feb-05,RENTAL,156616.01
404,A13,23-Feb-05,MOVIE TICKET,418134.52
405,A14,03-Feb-05,JEWELLERY,84974.29
406,A15,04-Feb-06,PETRO,439946.6
407,A16,25-Mar-06,CLOTHES,119406.07
408,A17,31-Mar-06,FOOD,85707.18
409,A18,23-Mar-06,CAMERA,393056.28
410,A19,24-Mar-06,SANDALS,210962.36
411,A20,25-Mar-06,CAR,250577.45
412,A21,26-Mar-06,BIKE,397003.51
413,A22,27-Mar-06,AUTO,66833.86
414,A23,28-Mar-06,SHOPPING,131176.47
415,A24,29-Mar-06,AIR TICKET,331656.4
416,A25,30-Mar-06,BUS TICKET,198472.97
417,A26,31-Mar-06,TRAIN TICKET,342428.74
418,A27,01-Apr-06,RENTAL,8752.13
419,A28,02-Apr-06,MOVIE TICKET,281679.6
420,A29,03-Apr-06,JEWELLERY,311908.5
421,A30,04-Apr-06,PETRO,199351.04
422,A12,12-Jan-04,CLOTHES,468597.16
423,A13,03-Jan-04,FOOD,481870.34
424,A14,15-Jan-04,CAMERA,366089.04
425,A15,25-Jan-04,CAMERA,3750.13
426,A16,12-Jan-04,CAMERA,113443.41
427,A17,03-Jan-04,CAMERA,11938.81
428,A18,15-Jan-04,SHOPPING,107056.49
429,A19,25-Jan-04,AIR TICKET,68610.51
430,A20,12-Jan-04,BUS TICKET,433801.8
431,A21,03-Jan-04,TRAIN TICKET,301196.52
432,A22,15-Jan-04,RENTAL,265755.35
433,A23,25-Jan-04,MOVIE TICKET,87297.77
434,A24,12-Jan-04,JEWELLERY,454728.13
435,A25,03-Jan-04,PETRO,350791.94
436,A26,15-Jan-04,CLOTHES,362560.44
437,A27,12-Jan-04,FOOD,197421.53
438,A28,03-Jan-04,CAMERA,244467.34
439,A29,15-Jan-04,SANDALS,228925.08
440,A30,25-Jan-04,CAR,185370.01
441,A12,17-Jan-05,BIKE,460150.85
442,A13,23-Feb-05,AUTO,141539.79
443,A14,01-Feb-05,SHOPPING,463680.6
444,A15,05-Feb-04,AIR TICKET,68519.2
445,A16,28-Feb-05,BUS TICKET,240855.67
446,A17,16-Feb-05,TRAIN TICKET,94531.69
447,A18,23-Feb-05,TRAIN TICKET,374791.98
448,A19,03-Feb-05,TRAIN TICKET,425536.83
449,A20,04-Feb-06,TRAIN TICKET,221480.81
450,A21,25-Mar-06,TRAIN TICKET,473984.25
451,A22,31-Mar-06,TRAIN TICKET,305269.62
452,A23,23-Mar-06,TRAIN TICKET,80061.3
453,A24,19-Mar-04,TRAIN TICKET,147422.97
454,A25,05-Mar-06,TRAIN TICKET,427077.54
455,A26,04-Apr-05,TRAIN TICKET,470973.98
456,A27,30-Apr-06,TRAIN TICKET,369725.38
457,A28,25-Apr-04,TRAIN TICKET,127611.72
458,A29,19-Apr-06,TRAIN TICKET,46537.12
459,A30,06-Apr-04,TRAIN TICKET,128905.28
460,A12,27-Apr-05,TRAIN TICKET,380147.4
461,A13,05-May-04,TRAIN TICKET,255449.53
462,A14,06-May-06,TRAIN TICKET,156836.79
463,A15,07-May-05,TRAIN TICKET,467341.95
464,A16,08-May-06,TRAIN TICKET,454862.62
465,A17,09-May-05,TRAIN TICKET,257904.07
466,A18,10-May-06,TRAIN TICKET,221258.92
467,A19,11-Jul-06,TRAIN TICKET,150833.96
468,A20,12-Aug-05,TRAIN TICKET,328899.39
469,A21,13-Sep-04,TRAIN TICKET,285472.35
470,A22,20-Nov-05,TRAIN TICKET,349814.2
471,A23,21-Nov-06,TRAIN TICKET,26965.4
472,A24,22-Nov-05,TRAIN TICKET,443897.57
473,A25,23-Nov-04,AIR TICKET,355617.91
474,A26,24-May-05,AIR TICKET,134345.91
475,A27,25-May-05,AIR TICKET,177658.85
476,A28,26-May-05,AIR TICKET,264368.37
477,A29,27-May-05,AIR TICKET,154259.1
478,A30,28-May-05,AIR TICKET,128715.82
479,A12,29-May-05,AIR TICKET,121365
480,A13,30-May-05,AIR TICKET,299827.43
481,A14,31-May-05,AIR TICKET,56048.99
482,A15,01-Jun-05,AIR TICKET,243748.11
483,A16,02-Jun-05,CAMERA,240074.15
484,A17,03-Jun-05,CAMERA,242080.71
485,A18,03-Jul-05,CAMERA,144899.97
486,A19,03-Aug-05,SHOPPING,354199.11
487,A20,03-Sep-05,AIR TICKET,244668.92
488,A21,03-Oct-05,BUS TICKET,146556.94
489,A22,03-Nov-05,TRAIN TICKET,439760.73
490,A23,03-Dec-05,RENTAL,35298.96
491,A24,03-Jan-06,MOVIE TICKET,309591.35
492,A25,03-Feb-06,BIKE,402518.16
493,A26,03-Mar-06,AUTO,303420.33
494,A27,03-Apr-06,SHOPPING,352918.66
495,A28,03-May-06,AIR TICKET,173633.94
496,A29,03-Jun-06,BUS TICKET,443364.31
497,A30,03-Jul-06,TRAIN TICKET,486794.37
498,A12,03-Aug-06,RENTAL,319708.92
499,A13,03-Sep-06,MOVIE TICKET,419809.4
500,A14,03-Oct-06,JEWELLERY,414285.94
501,A15,03-Nov-06,PETRO,86631.41
502,A16,03-Dec-06,CLOTHES,267116.94
503,A17,12-Jan-04,FOOD,298389
504,A18,03-Jan-04,CAMERA,213041.24
505,A19,15-Jan-04,CAMERA,184771.88
506,A20,25-Jan-04,CAMERA,84269.28
507,A21,17-Jan-05,CAMERA,322221.08
508,A22,23-Feb-05,SHOPPING,108883.79
509,A23,01-Feb-05,AIR TICKET,375898.65
510,A24,05-Feb-04,BUS TICKET,385046.06
511,A25,28-Feb-05,TRAIN TICKET,205987.83
512,A26,16-Feb-05,TRAIN TICKET,415678.79
513,A27,23-Feb-05,TRAIN TICKET,352374.29
514,A28,03-Feb-05,TRAIN TICKET,271961.53
515,A29,04-Feb-06,TRAIN TICKET,162812.94
516,A30,25-Mar-06,TRAIN TICKET,326629.15
517,A12,31-Mar-06,TRAIN TICKET,94325.47
518,A13,23-Mar-06,TRAIN TICKET,202141.07
519,A14,24-Mar-06,TRAIN TICKET,398349.58
520,A15,25-Mar-06,TRAIN TICKET,475849.21
521,A16,26-Mar-06,TRAIN TICKET,446844.83
522,A17,27-Mar-06,AUTO,350241.67
523,A18,28-Mar-06,SHOPPING,166127.87
524,A19,29-Mar-06,AIR TICKET,304332.65
525,A20,30-Mar-06,BUS TICKET,26142.18
526,A21,31-Mar-06,TRAIN TICKET,321996.06
527,A22,01-Apr-06,RENTAL,258226.14
528,A23,02-Apr-06,MOVIE TICKET,180035.15
529,A24,03-Apr-06,JEWELLERY,348056.92
530,A25,04-Apr-06,PETRO,40536.92
531,A26,12-Jan-04,CLOTHES,375306.52
532,A27,03-Jan-04,FOOD,469890.94
533,A28,15-Jan-04,CAMERA,386576.93
534,A29,25-Jan-04,CAMERA,218170.12
535,A30,12-Jan-04,CAMERA,217223.51
536,A12,03-Jan-04,CAMERA,42797
537,A13,15-Jan-04,SHOPPING,254686.6
538,A14,25-Jan-04,AIR TICKET,474714.13
539,A15,12-Jan-04,BUS TICKET,303303.37
540,A16,03-Jan-04,TRAIN TICKET,78523.66
541,A17,15-Jan-04,RENTAL,41401.91
542,A18,25-Jan-04,MOVIE TICKET,383683.27
543,A19,12-Jan-04,JEWELLERY,260909.8
544,A20,03-Jan-04,PETRO,85002.75
545,A21,15-Jan-04,PETRO,285085.87
546,A22,12-Jan-04,PETRO,300820.31
547,A23,03-Jan-04,PETRO,305868.49
548,A24,15-Jan-04,PETRO,111188.2
549,A25,25-Jan-04,PETRO,90922.64
550,A26,17-Jan-05,PETRO,361523.06
551,A27,23-Feb-05,PETRO,471034.84
552,A28,01-Feb-05,PETRO,116750.34
553,A29,05-Feb-04,PETRO,278863
554,A30,28-Feb-05,PETRO,36965.64
555,A12,16-Feb-05,PETRO,176757.27
556,A13,23-Feb-05,PETRO,95830.82
557,A14,03-Feb-05,PETRO,83322.44
558,A15,04-Feb-06,PETRO,209048.7
559,A16,25-Mar-06,PETRO,395533.64
560,A17,31-Mar-06,PETRO,274440.33
561,A18,23-Mar-06,PETRO,401618.63
562,A19,19-Mar-04,PETRO,186400.75
563,A20,05-Mar-06,PETRO,472065.9
564,A21,04-Apr-05,PETRO,496358.65
565,A22,30-Apr-06,PETRO,173753.09
566,A23,25-Apr-04,PETRO,253518.4
567,A24,19-Apr-06,AIR TICKET,273446.21
568,A25,06-Apr-04,BUS TICKET,230766.62
569,A26,27-Apr-05,TRAIN TICKET,257300.05
570,A27,05-May-04,RENTAL,14664.26
571,A28,06-May-06,MOVIE TICKET,369866.99
572,A29,07-May-05,JEWELLERY,233184.94
573,A30,08-May-06,PETRO,418068.11
574,A12,09-May-05,CLOTHES,338783.93
575,A13,10-May-06,FOOD,325317.86
576,A14,11-Jul-06,CAMERA,268233.08
577,A15,12-Aug-05,SANDALS,158508.85
578,A16,13-Sep-04,CAR,173566
579,A17,20-Nov-05,BIKE,57111.38
580,A18,21-Nov-06,AUTO,74647.08
581,A19,22-Nov-05,SHOPPING,457672.04
582,A20,23-Nov-04,AIR TICKET,63132.03
583,A21,24-May-05,BUS TICKET,344430.33
584,A22,25-May-05,TRAIN TICKET,243032.21
585,A23,26-May-05,RENTAL,181781.71
586,A24,27-May-05,MOVIE TICKET,47758.62
587,A25,28-May-05,JEWELLERY,277274.22
588,A26,29-May-05,PETRO,263742.81
589,A27,30-May-05,CLOTHES,204785.22
590,A28,31-May-05,FOOD,3411.29
591,A29,01-Jun-05,CAMERA,54620.12
592,A30,02-Jun-05,CAMERA,191424.9
593,A12,03-Jun-05,CAMERA,411533.34
594,A13,03-Jul-05,CAMERA,358931.43
595,A14,03-Aug-05,SHOPPING,190016.43
596,A15,03-Sep-05,AIR TICKET,182661.18
597,A16,03-Oct-05,BUS TICKET,384670.92
598,A17,03-Nov-05,TRAIN TICKET,433833.71
599,A18,03-Dec-05,RENTAL,15237.44
600,A19,03-Jan-06,MOVIE TICKET,467517.17
601,A20,03-Feb-06,BIKE,292011.92
602,A21,03-Mar-06,AUTO,419650.32
603,A22,03-Apr-06,SHOPPING,298006.4
604,A23,03-May-06,AIR TICKET,231938.93
605,A24,03-Jun-06,BUS TICKET,224580.2
606,A25,03-Jul-06,TRAIN TICKET,198030.12
607,A26,03-Aug-06,TRAIN TICKET,35327.74
608,A27,03-Sep-06,TRAIN TICKET,43209.23
609,A28,03-Oct-06,TRAIN TICKET,212421.86
610,A29,03-Nov-06,TRAIN TICKET,390356.14
611,A30,03-Dec-06,TRAIN TICKET,26024.81
612,A21,12-Jan-04,TRAIN TICKET,7745.43
613,A22,03-Jan-04,TRAIN TICKET,125328.55
614,A23,15-Jan-04,CAMERA,480300.25
615,A24,25-Jan-04,CAMERA,394126.79
616,A25,17-Jan-05,CAMERA,490544.87
617,A26,23-Feb-05,SHOPPING,80955.58
618,A27,01-Feb-05,AIR TICKET,495380.87
619,A28,05-Feb-04,BUS TICKET,433938.24
620,A29,28-Feb-05,TRAIN TICKET,97453.58
621,A30,16-Feb-05,RENTAL,172882.73
622,A31,23-Feb-05,MOVIE TICKET,365289.56
623,A32,03-Feb-05,JEWELLERY,159777.48
624,A33,04-Feb-06,PETRO,463760.44
625,A34,25-Mar-06,CLOTHES,82968.84
626,A35,31-Mar-06,FOOD,450148.29
627,A36,23-Mar-06,CAMERA,459204.63
628,A37,24-Mar-06,SANDALS,74094.38
629,A38,25-Mar-06,CAR,244200.96
630,A39,26-Mar-06,BIKE,485795.37
631,A40,27-Mar-06,AUTO,99353.97
632,A41,28-Mar-06,SHOPPING,85819.67
633,A42,29-Mar-06,AIR TICKET,144988.11
634,A43,30-Mar-06,AIR TICKET,103998.18
635,A44,31-Mar-06,AIR TICKET,226635.78
636,A45,01-Apr-06,AIR TICKET,124341.01
637,A46,02-Apr-06,AIR TICKET,124053.97
638,A47,03-Apr-06,AIR TICKET,18323.16
639,A48,04-Apr-06,PETRO,247521.54
640,A49,12-Jan-04,CLOTHES,40475.02
641,A21,03-Jan-04,FOOD,30519.76
642,A22,15-Jan-04,CAMERA,475953.8
643,A23,25-Jan-04,CAMERA,253857.83
644,A24,12-Jan-04,CAMERA,237337.83
645,A25,03-Jan-04,CAMERA,23294.48
646,A26,15-Jan-04,SHOPPING,261692.39
647,A27,25-Jan-04,AIR TICKET,97871.07
648,A28,12-Jan-04,BUS TICKET,262616.72
649,A29,03-Jan-04,TRAIN TICKET,21684.16
650,A30,15-Jan-04,RENTAL,225054.24
651,A31,25-Jan-04,MOVIE TICKET,137518.83
652,A32,12-Jan-04,JEWELLERY,216864.52
653,A33,03-Jan-04,PETRO,138421.11
654,A34,15-Jan-04,CLOTHES,466544.83
655,A35,12-Jan-04,FOOD,186372.92
656,A36,03-Jan-04,CAMERA,287005.59
657,A37,15-Jan-04,SANDALS,229465.95
658,A38,25-Jan-04,CAR,228125.55
659,A39,17-Jan-05,BIKE,167209.08
660,A40,23-Feb-05,AUTO,420236.51
661,A41,01-Feb-05,SHOPPING,101106.11
662,A42,05-Feb-04,AIR TICKET,286098.09
663,A43,28-Feb-05,BUS TICKET,15396.69
664,A44,16-Feb-05,TRAIN TICKET,250251.61
665,A45,23-Feb-05,RENTAL,186323.02
666,A46,03-Feb-05,MOVIE TICKET,358660.69
667,A47,04-Feb-06,JEWELLERY,229296.58
668,A48,25-Mar-06,PETRO,266398.58
669,A49,31-Mar-06,CLOTHES,455338.45
670,A21,23-Mar-06,FOOD,7215.93
671,A22,19-Mar-04,FOOD,361901.35
672,A23,05-Mar-06,FOOD,155438.87
673,A24,04-Apr-05,FOOD,315972.76
674,A25,30-Apr-06,FOOD,344070.77
675,A26,25-Apr-04,FOOD,231655.43
676,A27,19-Apr-06,FOOD,462854.42
677,A28,06-Apr-04,FOOD,81892.36
678,A29,27-Apr-05,FOOD,240214.02
679,A30,05-May-04,FOOD,114221.97
680,A31,06-May-06,FOOD,129742.89
681,A32,07-May-05,FOOD,244776.66
682,A33,08-May-06,FOOD,204502
683,A34,09-May-05,FOOD,498239.75
684,A35,10-May-06,FOOD,136751.65
685,A36,11-Jul-06,FOOD,251373.69
686,A37,12-Aug-05,FOOD,241311.1
687,A38,13-Sep-04,FOOD,417226.49
688,A39,20-Nov-05,FOOD,60263.41
689,A40,21-Nov-06,AUTO,126871.99
690,A41,22-Nov-05,SHOPPING,456924.22
691,A42,23-Nov-04,AIR TICKET,372728.16
692,A43,24-May-05,BUS TICKET,443217.84
693,A44,25-May-05,BUS TICKET,200964.95
694,A45,26-May-05,BUS TICKET,73482.96
695,A46,27-May-05,BUS TICKET,129951.4
696,A47,28-May-05,BUS TICKET,241188.76
697,A48,29-May-05,BUS TICKET,426614.08
698,A49,30-May-05,CLOTHES,157365.53
699,A21,31-May-05,FOOD,246951.23
700,A22,01-Jun-05,CAMERA,140610.03
701,A23,02-Jun-05,CAMERA,102054.01
702,A24,03-Jun-05,CAMERA,132168.57
703,A25,03-Jul-05,CAMERA,206823.3
704,A26,03-Aug-05,SHOPPING,296347.74
705,A27,03-Sep-05,AIR TICKET,230322.18
706,A28,03-Oct-05,BUS TICKET,73160.06
707,A29,03-Nov-05,TRAIN TICKET,206606.23
708,A30,03-Dec-05,RENTAL,720.3
709,A31,03-Jan-06,MOVIE TICKET,66243.39
710,A32,03-Feb-06,BIKE,199609.77
711,A33,03-Mar-06,AUTO,248230.74
712,A34,03-Apr-06,SHOPPING,233589.9
713,A35,03-May-06,AIR TICKET,65398.35
714,A36,03-Jun-06,BUS TICKET,96813.59
715,A37,03-Jul-06,TRAIN TICKET,458678.35
716,A38,03-Aug-06,RENTAL,300875.97
717,A39,03-Sep-06,MOVIE TICKET,181063.2
718,A40,03-Oct-06,JEWELLERY,191356.83
719,A41,03-Nov-06,PETRO,192444.32
720,A42,03-Dec-06,PETRO,40039.21
721,A43,12-Jan-04,PETRO,184196.36
722,A44,03-Jan-04,PETRO,356066.71
723,A45,15-Jan-04,PETRO,75573.11
724,A46,25-Jan-04,PETRO,267131.45
725,A47,17-Jan-05,PETRO,491157.84
726,A48,23-Feb-05,PETRO,119154.53
727,A49,01-Feb-05,PETRO,386104.28
728,A21,05-Feb-04,BUS TICKET,237115.63
729,A22,28-Feb-05,TRAIN TICKET,302388.32
730,A23,16-Feb-05,RENTAL,197038.23
731,A24,23-Feb-05,MOVIE TICKET,264923.52
732,A25,03-Feb-05,JEWELLERY,154873.49
733,A26,04-Feb-06,PETRO,414605.84
734,A27,25-Mar-06,CLOTHES,176726.17
735,A28,31-Mar-06,FOOD,414189.28
736,A29,23-Mar-06,CAMERA,443887.97
737,A30,24-Mar-06,SANDALS,386921.68
738,A31,25-Mar-06,CAR,395334.34
739,A32,26-Mar-06,BIKE,35500.21
740,A33,27-Mar-06,AUTO,48100.54
741,A34,28-Mar-06,SHOPPING,375766.56
742,A35,29-Mar-06,AIR TICKET,225983.14
743,A36,30-Mar-06,BUS TICKET,417162.64
744,A37,31-Mar-06,TRAIN TICKET,26581.48
745,A38,01-Apr-06,RENTAL,407739.24
746,A39,02-Apr-06,MOVIE TICKET,324081.7
747,A40,03-Apr-06,JEWELLERY,145012.68
748,A41,04-Apr-06,PETRO,131174.73
749,A42,12-Jan-04,CLOTHES,141563.54
750,A43,03-Jan-04,FOOD,330665.44
751,A44,15-Jan-04,CAMERA,351400.14
752,A45,25-Jan-04,CAMERA,411426.41
753,A46,12-Jan-04,CAMERA,494080.27
754,A47,03-Jan-04,CAMERA,283770.39
755,A48,15-Jan-04,SHOPPING,282045.39
756,A49,25-Jan-04,SHOPPING,386653.87
757,A21,12-Jan-04,SHOPPING,163616.63
758,A22,03-Jan-04,SHOPPING,301201.09
759,A23,15-Jan-04,SHOPPING,260098.89
760,A24,25-Jan-04,SHOPPING,404163.7
761,A25,12-Jan-04,SHOPPING,349503.46
762,A26,03-Jan-04,SHOPPING,279048
763,A27,15-Jan-04,SHOPPING,80025.92
764,A28,12-Jan-04,SHOPPING,358051.32
765,A29,03-Jan-04,SHOPPING,438791.16
766,A30,15-Jan-04,SHOPPING,67694.98
767,A31,25-Jan-04,SHOPPING,165171.24
768,A32,17-Jan-05,SHOPPING,316103.34
769,A33,23-Feb-05,SHOPPING,165592.71
770,A34,01-Feb-05,SHOPPING,6253.94
771,A35,05-Feb-04,SHOPPING,335390.18
772,A36,28-Feb-05,SHOPPING,286964.08
773,A37,16-Feb-05,SHOPPING,86990.79
774,A38,23-Feb-05,SHOPPING,185013.36
775,A39,03-Feb-05,SHOPPING,353921.93
776,A40,04-Feb-06,SHOPPING,499270
777,A41,25-Mar-06,SHOPPING,490167.49
778,A42,31-Mar-06,SHOPPING,294468.59
779,A43,23-Mar-06,FOOD,119462.84
780,A44,19-Mar-04,CAMERA,177733.11
781,A45,05-Mar-06,CAMERA,145143.35
782,A46,04-Apr-05,CAMERA,424045.33
783,A47,30-Apr-06,CAMERA,193276.02
784,A48,25-Apr-04,SHOPPING,34982.74
785,A49,19-Apr-06,AIR TICKET,299401.37
786,A21,06-Apr-04,BUS TICKET,493598.56
787,A22,27-Apr-05,TRAIN TICKET,113305.19
788,A23,05-May-04,RENTAL,52465.01
789,A24,06-May-06,MOVIE TICKET,209455.48
790,A25,07-May-05,JEWELLERY,128793.37
791,A26,08-May-06,PETRO,463993.83
792,A27,09-May-05,CLOTHES,182736.3
793,A28,10-May-06,FOOD,232686.75
794,A29,11-Jul-06,FOOD,240514.39
795,A30,12-Aug-05,FOOD,29810.73
796,A31,13-Sep-04,FOOD,263890.87
797,A32,20-Nov-05,FOOD,368599.3
798,A33,21-Nov-06,FOOD,23275.87
799,A34,22-Nov-05,FOOD,85859.39
800,A35,23-Nov-04,FOOD,391870.74
801,A36,24-May-05,FOOD,496072.76
802,A37,25-May-05,FOOD,150148.45
803,A38,26-May-05,FOOD,280245.71
804,A39,27-May-05,FOOD,403778.62
805,A40,28-May-05,FOOD,186138.24
806,A41,29-May-05,FOOD,60304.43
807,A42,30-May-05,FOOD,43753.68
808,A43,31-May-05,FOOD,267999.1
809,A44,01-Jun-05,FOOD,361272.59
810,A45,02-Jun-05,CAMERA,294119.36
811,A46,03-Jun-05,CAMERA,233861.96
812,A47,03-Jul-05,CAMERA,198756.63
813,A48,03-Aug-05,SHOPPING,49510
814,A49,03-Sep-05,AIR TICKET,235659.19
815,A21,03-Oct-05,BUS TICKET,223145.13
816,A22,03-Nov-05,TRAIN TICKET,170559.4
817,A23,03-Dec-05,RENTAL,124640
818,A24,03-Jan-06,MOVIE TICKET,462995.84
819,A25,03-Feb-06,BIKE,263854.61
820,A26,03-Mar-06,AUTO,25432.18
821,A27,03-Apr-06,SHOPPING,61135.65
822,A28,03-May-06,AIR TICKET,275438.49
823,A29,03-Jun-06,BUS TICKET,169355
824,A30,03-Jul-06,TRAIN TICKET,485008
825,A31,03-Aug-06,RENTAL,85382.67
826,A32,03-Sep-06,MOVIE TICKET,27775.52
827,A33,03-Oct-06,JEWELLERY,279027.95
828,A34,03-Nov-06,PETRO,153867.24
829,A35,03-Dec-06,CLOTHES,218106.45
830,A36,12-Jan-04,FOOD,307709.66
831,A37,03-Jan-04,FOOD,27976.77
832,A38,15-Jan-04,FOOD,275556.49
833,A39,25-Jan-04,FOOD,355377.41
834,A40,17-Jan-05,FOOD,292527.95
835,A41,23-Feb-05,FOOD,263480.57
836,A42,01-Feb-05,FOOD,7893.31
837,A43,05-Feb-04,FOOD,233725.77
838,A44,28-Feb-05,FOOD,56057.23
839,A45,16-Feb-05,FOOD,9284.48
840,A46,23-Feb-05,FOOD,260023.41
841,A47,03-Feb-05,FOOD,388917.17
842,A48,04-Feb-06,FOOD,317908.41
843,A49,25-Mar-06,PETRO,246967.66
844,A21,31-Mar-06,PETRO,33232.51
845,A22,23-Mar-06,PETRO,407904.49
846,A23,24-Mar-06,PETRO,51156.94
847,A24,25-Mar-06,PETRO,162465.63
848,A25,26-Mar-06,PETRO,498505.03
849,A26,27-Mar-06,PETRO,21927.17
850,A27,28-Mar-06,PETRO,339194.54
851,A28,29-Mar-06,PETRO,371352.88
852,A29,30-Mar-06,PETRO,222353.74
853,A30,31-Mar-06,PETRO,301277.49
854,A31,01-Apr-06,PETRO,144778.97
855,A32,02-Apr-06,PETRO,433634.64
856,A33,03-Apr-06,PETRO,454644.63
857,A34,04-Apr-06,PETRO,133722.6
858,A35,12-Jan-04,PETRO,91775.55
859,A36,03-Jan-04,PETRO,224627.37
860,A37,15-Jan-04,CAMERA,111107.26
861,A38,25-Jan-04,CAMERA,107911.83
862,A39,12-Jan-04,CAMERA,288144.81
863,A40,03-Jan-04,CAMERA,34362.04
864,A41,15-Jan-04,SHOPPING,43992.58
865,A42,25-Jan-04,AIR TICKET,453509.16
866,A43,12-Jan-04,BUS TICKET,2050.46
867,A44,03-Jan-04,TRAIN TICKET,151668.91
868,A45,15-Jan-04,RENTAL,161573.42
869,A46,25-Jan-04,MOVIE TICKET,19186.72
870,A47,12-Jan-04,JEWELLERY,314699.51
871,A48,03-Jan-04,JEWELLERY,406928.06
872,A49,15-Jan-04,JEWELLERY,345729.19
873,A21,12-Jan-04,JEWELLERY,433696.96
874,A22,03-Jan-04,JEWELLERY,303466.61
875,A23,15-Jan-04,JEWELLERY,69355.05
876,A24,25-Jan-04,JEWELLERY,430799.04
877,A25,17-Jan-05,JEWELLERY,79291.21
878,A26,23-Feb-05,JEWELLERY,305465.61
879,A27,01-Feb-05,JEWELLERY,15119.02
880,A28,05-Feb-04,JEWELLERY,343726.4
881,A29,28-Feb-05,JEWELLERY,93340.75
882,A30,16-Feb-05,JEWELLERY,59948.79
883,A31,23-Feb-05,JEWELLERY,397203.8
884,A32,03-Feb-05,JEWELLERY,354837.8
885,A33,04-Feb-06,JEWELLERY,125000.86
886,A34,25-Mar-06,PETRO,440358.09
887,A35,31-Mar-06,CLOTHES,446737.37
888,A36,23-Mar-06,FOOD,356399.69
889,A37,19-Mar-04,CAMERA,77428.8
890,A38,05-Mar-06,CAMERA,414549.6
891,A39,04-Apr-05,CAMERA,116922.75
892,A40,30-Apr-06,CAMERA,433536.56
893,A41,25-Apr-04,SHOPPING,113880.35
894,A42,19-Apr-06,AIR TICKET,80126.02
895,A43,06-Apr-04,BUS TICKET,45776.33
896,A44,27-Apr-05,TRAIN TICKET,67106.22
897,A45,05-May-04,RENTAL,164774.87
898,A46,06-May-06,MOVIE TICKET,107131.99
899,A47,07-May-05,JEWELLERY,113393.97
900,A48,08-May-06,PETRO,219878.43
901,A49,09-May-05,CLOTHES,19535.76
902,A21,10-May-06,FOOD,376647.18
903,A22,11-Jul-06,CAMERA,283358.58
904,A23,12-Aug-05,SANDALS,367328.29
905,A24,13-Sep-04,CAR,245802.04
906,A25,20-Nov-05,BIKE,285920.94
907,A26,21-Nov-06,AUTO,61353.41
908,A27,22-Nov-05,SHOPPING,354327.81
909,A28,23-Nov-04,AIR TICKET,14366.69
910,A29,24-May-05,BUS TICKET,265848.39
911,A30,25-May-05,TRAIN TICKET,62187.18
912,A31,26-May-05,RENTAL,471605.19
913,A32,27-May-05,MOVIE TICKET,176437.12
914,A33,28-May-05,JEWELLERY,336485.62
915,A34,29-May-05,PETRO,183735.91
916,A35,30-May-05,CLOTHES,362301.38
917,A36,31-May-05,FOOD,122617.61
918,A37,01-Jun-05,CAMERA,50235.89
919,A38,02-Jun-05,CAMERA,295174.49
920,A39,03-Jun-05,CAMERA,304014.76
921,A40,03-Jul-05,CAMERA,129401.85
922,A41,03-Aug-05,SHOPPING,205957.68
923,A42,03-Sep-05,AIR TICKET,472948.31
924,A43,03-Oct-05,BUS TICKET,226901.89
925,A44,03-Nov-05,TRAIN TICKET,143938.47
926,A45,03-Dec-05,RENTAL,363792.42
927,A46,03-Jan-06,MOVIE TICKET,126649.31
928,A47,03-Feb-06,BIKE,183569.21
929,A48,03-Mar-06,AUTO,65503.17
930,A49,03-Apr-06,SHOPPING,101649.18
931,A21,03-May-06,AIR TICKET,113200.17
932,A22,03-Jun-06,BUS TICKET,51202.64
933,A23,03-Jul-06,TRAIN TICKET,80146.72
934,A24,03-Aug-06,RENTAL,30320.99
935,A25,03-Sep-06,MOVIE TICKET,92798.13
936,A26,03-Oct-06,JEWELLERY,108244.31
937,A27,03-Nov-06,PETRO,313971.93
938,A28,03-Dec-06,PETRO,338008.71
939,A29,12-Jan-04,PETRO,20495.38
940,A30,03-Jan-04,PETRO,130672.52
941,A31,15-Jan-04,PETRO,320380.04
942,A32,25-Jan-04,PETRO,415157.13
943,A33,17-Jan-05,PETRO,200640.88
944,A34,23-Feb-05,PETRO,138620.27
945,A35,01-Feb-05,PETRO,476580.37
946,A36,05-Feb-04,PETRO,116596.73
947,A37,28-Feb-05,PETRO,19802.37
948,A38,16-Feb-05,PETRO,63717.23
949,A39,23-Feb-05,PETRO,341861.45
950,A40,03-Feb-05,PETRO,424777.36
951,A41,04-Feb-06,PETRO,194545.21
952,A42,25-Mar-06,PETRO,430388.48
953,A43,31-Mar-06,PETRO,179004.8
954,A44,23-Mar-06,CAMERA,32196.69
955,A45,24-Mar-06,SANDALS,95884.95
956,A46,25-Mar-06,CAR,284500.68
957,A47,26-Mar-06,BIKE,268828.1
958,A48,27-Mar-06,AUTO,307106.39
959,A49,28-Mar-06,SHOPPING,440051.52
960,A21,29-Mar-06,SHOPPING,294034.8
961,A22,30-Mar-06,SHOPPING,352119.02
962,A23,31-Mar-06,SHOPPING,450293.71
963,A24,01-Apr-06,SHOPPING,164338.8
964,A25,02-Apr-06,SHOPPING,428879.43
965,A26,03-Apr-06,SHOPPING,492859.63
966,A27,04-Apr-06,SHOPPING,218927.78
967,A28,12-Jan-04,SHOPPING,161855.12
968,A29,03-Jan-04,SHOPPING,426277.52
969,A30,15-Jan-04,SHOPPING,303464.1
970,A31,25-Jan-04,SHOPPING,237308.95
971,A32,12-Jan-04,SHOPPING,209872.62
972,A33,03-Jan-04,SHOPPING,81844.83
973,A34,15-Jan-04,SHOPPING,465597.89
974,A35,25-Jan-04,SHOPPING,204078.13
975,A36,12-Jan-04,SHOPPING,203440.77
976,A37,03-Jan-04,SHOPPING,163076.96
977,A38,15-Jan-04,BUS TICKET,404751.72
978,A39,25-Jan-04,BUS TICKET,464383.08
979,A40,12-Jan-04,BUS TICKET,330806.43
980,A41,03-Jan-04,BUS TICKET,342592.96
981,A42,15-Jan-04,BUS TICKET,154567.49
982,A43,12-Jan-04,BUS TICKET,315666.16
983,A44,03-Jan-04,CAMERA,146353.74
984,A45,15-Jan-04,SANDALS,125247.8
985,A46,25-Jan-04,CAR,327551.25
986,A47,17-Jan-05,BIKE,480083.72
987,A48,23-Feb-05,AUTO,372088.27
988,A49,01-Feb-05,SHOPPING,183749.38
989,A36,05-Feb-04,AIR TICKET,182487.8
990,A37,28-Feb-05,BUS TICKET,281169.07
991,A38,16-Feb-05,TRAIN TICKET,219484.22
992,A39,23-Feb-05,RENTAL,120381.64
993,A40,03-Feb-05,MOVIE TICKET,392953.14
994,A41,04-Feb-06,JEWELLERY,90834.52
995,A42,25-Mar-06,PETRO,135385.11
996,A43,31-Mar-06,CLOTHES,388075.64
997,A44,23-Mar-06,FOOD,415876.54
998,A45,19-Mar-04,CAMERA,103174.87
999,A46,05-Mar-06,CAMERA,324481.71
1000,A47,04-Apr-05,CAMERA,339582.17
1001,A48,30-Apr-06,CAMERA,99760.02
1002,A49,25-Apr-04,SHOPPING,423754.26
1003,A50,19-Apr-06,AIR TICKET,54611.14
1004,A51,06-Apr-04,BUS TICKET,50547.17
1005,A52,27-Apr-05,TRAIN TICKET,384129.51
1006,A53,05-May-04,RENTAL,376349.64
1007,A54,06-May-06,MOVIE TICKET,377756.6
1008,A55,07-May-05,JEWELLERY,274133.64
1009,A56,08-May-06,PETRO,67738.19
1010,A57,09-May-05,CLOTHES,324848.19
1011,A58,10-May-06,FOOD,420015.08
1012,A59,11-Jul-06,CAMERA,397479.97
1013,A60,12-Aug-05,SANDALS,206631.21
1014,A61,13-Sep-04,CAR,110279.02
1015,A60,20-Nov-05,BIKE,230675.49
1016,A61,21-Nov-06,BIKE,332876.9
1017,A62,22-Nov-05,BIKE,32324.84
1018,A36,23-Nov-04,BIKE,348426.37
1019,A37,24-May-05,BIKE,284117.93
1020,A38,25-May-05,BIKE,110111.28
1021,A39,26-May-05,BIKE,55927.32
1022,A40,27-May-05,BIKE,31688.89
1023,A41,28-May-05,BIKE,224579.57
1024,A42,29-May-05,BIKE,453314.4
1025,A43,30-May-05,BIKE,226498.33
1026,A44,31-May-05,BIKE,121469.49
1027,A45,01-Jun-05,CAMERA,491753.36
1028,A46,02-Jun-05,CAMERA,290725.04
1029,A47,03-Jun-05,CAMERA,187801.98
1030,A48,03-Jul-05,CAMERA,332536
1031,A49,03-Aug-05,SHOPPING,65101.88
1032,A50,03-Sep-05,AIR TICKET,8168.97
1033,A51,03-Oct-05,BUS TICKET,147529.24
1034,A52,03-Nov-05,TRAIN TICKET,83386.16
1035,A53,03-Dec-05,RENTAL,174828.97
1036,A54,03-Jan-06,MOVIE TICKET,215987.8
1037,A55,03-Feb-06,BIKE,56497.89
1038,A56,03-Mar-06,AUTO,481580.09
1039,A57,03-Apr-06,SHOPPING,426980.66
1040,A58,03-May-06,AIR TICKET,316601.57
1041,A59,03-Jun-06,BUS TICKET,94838.4
1042,A60,03-Jul-06,TRAIN TICKET,283607.25
1043,A61,03-Aug-06,RENTAL,174906.54
1044,A60,03-Sep-06,RENTAL,299701.84
1045,A61,03-Oct-06,RENTAL,460195.99
1046,A62,03-Nov-06,RENTAL,439845.09
1047,A36,03-Dec-06,RENTAL,226412.38
1048,A37,12-Jan-04,RENTAL,77900.29
1049,A38,03-Jan-04,RENTAL,85689.3
1050,A39,15-Jan-04,RENTAL,114900.36
1051,A40,25-Jan-04,RENTAL,403947.27
1052,A41,17-Jan-05,CAMERA,450578.23
1053,A42,23-Feb-05,SHOPPING,76038.08
1054,A43,01-Feb-05,AIR TICKET,407946.59
1055,A44,05-Feb-04,BUS TICKET,340544.62
1056,A45,28-Feb-05,TRAIN TICKET,228660.27
1057,A46,16-Feb-05,RENTAL,34784.32
1058,A47,23-Feb-05,MOVIE TICKET,474320.8
1059,A48,03-Feb-05,JEWELLERY,23181.87
1060,A49,04-Feb-06,PETRO,482868.15
1061,A50,25-Mar-06,CLOTHES,316407.9
1062,A51,31-Mar-06,FOOD,101223.17
1063,A52,23-Mar-06,CAMERA,498834.63
1064,A53,24-Mar-06,SANDALS,76785.72
1065,A54,25-Mar-06,CAR,129802.8
1066,A55,26-Mar-06,BIKE,243954.19
1067,A56,27-Mar-06,AUTO,27387.07
1068,A57,28-Mar-06,SHOPPING,228739.09
1069,A58,29-Mar-06,AIR TICKET,465473.69
1070,A59,30-Mar-06,BUS TICKET,30563.8
1071,A60,31-Mar-06,TRAIN TICKET,494568.87
1072,A61,01-Apr-06,RENTAL,129534.9
1073,A60,02-Apr-06,MOVIE TICKET,185732.4
1074,A61,03-Apr-06,JEWELLERY,353502.17
1075,A62,04-Apr-06,PETRO,105742.96
1076,A36,12-Jan-04,CLOTHES,162661.94
1077,A37,03-Jan-04,FOOD,259198.87
1078,A38,15-Jan-04,FOOD,320874.38
1079,A39,25-Jan-04,FOOD,100800.94
1080,A40,12-Jan-04,FOOD,66602.49
1081,A41,03-Jan-04,FOOD,433783.86
1082,A42,15-Jan-04,FOOD,404252.34
1083,A43,25-Jan-04,FOOD,114273.79
1084,A44,12-Jan-04,FOOD,8515.14
1085,A45,03-Jan-04,FOOD,74516.8
1086,A46,15-Jan-04,FOOD,221086.85
1087,A47,25-Jan-04,FOOD,60074.98
1088,A48,12-Jan-04,FOOD,378804.82
1089,A49,03-Jan-04,FOOD,210344.43
1090,A50,15-Jan-04,CLOTHES,274264.14
1091,A51,12-Jan-04,FOOD,27864.41
1092,A52,03-Jan-04,CAMERA,297279.72
1093,A53,15-Jan-04,SANDALS,19618.01
1094,A54,25-Jan-04,CAR,449633.79
1095,A55,17-Jan-05,BIKE,275748.35
1096,A56,23-Feb-05,AUTO,117670.21
1097,A57,01-Feb-05,SHOPPING,233010.16
1098,A58,05-Feb-04,AIR TICKET,144440.23
1099,A59,28-Feb-05,BUS TICKET,113224.52
1100,A60,16-Feb-05,TRAIN TICKET,327726.3
1101,A61,23-Feb-05,RENTAL,330733.51
1102,A60,03-Feb-05,MOVIE TICKET,477311.41
1103,A61,04-Feb-06,JEWELLERY,42791.79
1104,A62,25-Mar-06,PETRO,84003.7
1105,A36,31-Mar-06,CLOTHES,407852.39
1106,A37,23-Mar-06,FOOD,275710.82
1107,A38,19-Mar-04,CAMERA,427931.8
1108,A39,05-Mar-06,CAMERA,130074.01
1109,A40,04-Apr-05,CAMERA,324128.5
1110,A41,30-Apr-06,CAMERA,332435.42
1111,A42,25-Apr-04,SHOPPING,206593.28
1112,A43,19-Apr-06,AIR TICKET,35700.4
1113,A44,06-Apr-04,BUS TICKET,260128.03
1114,A45,27-Apr-05,TRAIN TICKET,135514.74
1115,A46,05-May-04,RENTAL,126813.36
1116,A47,06-May-06,MOVIE TICKET,161515.46
1117,A48,07-May-05,JEWELLERY,252266.14
1118,A49,08-May-06,PETRO,147107.51
1119,A50,09-May-05,PETRO,113481.37
1120,A51,10-May-06,PETRO,240102.81
1121,A52,11-Jul-06,PETRO,280150.49
1122,A53,12-Aug-05,PETRO,370493.15
1123,A54,13-Sep-04,PETRO,346706.78
1124,A55,20-Nov-05,PETRO,352324.46
1125,A56,21-Nov-06,PETRO,49398.99
1126,A57,22-Nov-05,PETRO,364650.99
1127,A58,23-Nov-04,PETRO,340371.19
1128,A59,24-May-05,PETRO,447626.66
1129,A60,25-May-05,PETRO,331240.94
1130,A61,26-May-05,RENTAL,363233.83
1131,A60,27-May-05,MOVIE TICKET,250272.23
1132,A61,28-May-05,JEWELLERY,239023.21
1133,A62,29-May-05,PETRO,268536.95
1134,A36,30-May-05,PETRO,441375.6
1135,A37,31-May-05,PETRO,972.66
1136,A38,01-Jun-05,PETRO,466143.7
1137,A39,02-Jun-05,PETRO,91321.57
1138,A40,03-Jun-05,PETRO,422086.33
1139,A41,03-Jul-05,PETRO,44439.64
1140,A42,03-Aug-05,PETRO,255916.9
1141,A43,03-Sep-05,PETRO,74702.68
1142,A44,03-Oct-05,PETRO,64615.46
1143,A45,03-Nov-05,PETRO,131096.88
1144,A46,03-Dec-05,PETRO,223902.41
1145,A47,03-Jan-06,PETRO,175283.18
1146,A48,03-Feb-06,BIKE,177739.28
1147,A49,03-Mar-06,AUTO,187052.06
1148,A50,03-Apr-06,SHOPPING,278131.32
1149,A51,03-May-06,AIR TICKET,189714.74
1150,A52,03-Jun-06,BUS TICKET,40531.37
1151,A53,03-Jul-06,TRAIN TICKET,488399.04
1152,A54,03-Aug-06,RENTAL,425083.22
1153,A55,03-Sep-06,MOVIE TICKET,70329.95
1154,A56,03-Oct-06,JEWELLERY,156247.17
1155,A57,03-Nov-06,PETRO,13756.3
1156,A58,03-Dec-06,CLOTHES,167643.95
1157,A59,12-Jan-04,FOOD,246626.36
1158,A60,03-Jan-04,CAMERA,187831.62
1159,A61,15-Jan-04,CAMERA,147299.1
1160,A60,25-Jan-04,CAMERA,153892.1
1161,A61,17-Jan-05,CAMERA,351215.4
1162,A62,23-Feb-05,SHOPPING,332077.43
1163,A36,01-Feb-05,AIR TICKET,462544.44
1164,A37,05-Feb-04,BUS TICKET,235526.84
1165,A38,28-Feb-05,TRAIN TICKET,226426.44
1166,A39,16-Feb-05,RENTAL,239709.3
1167,A40,23-Feb-05,MOVIE TICKET,490796.93
1168,A41,03-Feb-05,JEWELLERY,309443.8
1169,A42,04-Feb-06,PETRO,321649.02
1170,A43,25-Mar-06,CLOTHES,399124.6
1171,A44,31-Mar-06,FOOD,115314.35
1172,A45,23-Mar-06,CAMERA,423533.99
1173,A46,24-Mar-06,SANDALS,395743.23
1174,A47,25-Mar-06,CAR,207519.72
1175,A48,26-Mar-06,BIKE,20190.85
1176,A49,27-Mar-06,AUTO,166890.16
1177,A50,28-Mar-06,SHOPPING,8973.11
1178,A51,29-Mar-06,AIR TICKET,12330.03
1179,A52,30-Mar-06,BUS TICKET,197099.53
1180,A53,31-Mar-06,TRAIN TICKET,199062.97
1181,A54,01-Apr-06,RENTAL,410461.33
1182,A55,02-Apr-06,MOVIE TICKET,333764.18
1183,A56,03-Apr-06,JEWELLERY,55929.85
1184,A57,04-Apr-06,PETRO,153475.34
1185,A58,12-Jan-04,CLOTHES,389454
1186,A59,03-Jan-04,FOOD,452806.53
1187,A60,15-Jan-04,CAMERA,214953.66
1188,A61,25-Jan-04,CAMERA,211848.96
1189,A60,12-Jan-04,CAMERA,293918.67
1190,A61,03-Jan-04,CAMERA,213221.11
1191,A62,15-Jan-04,SHOPPING,392677.26
1192,A36,25-Jan-04,AIR TICKET,299214.61
1193,A37,12-Jan-04,BUS TICKET,341536.68
1194,A38,03-Jan-04,TRAIN TICKET,274060.46
1195,A39,15-Jan-04,RENTAL,452489.19
1196,A40,25-Jan-04,MOVIE TICKET,430315.13
1197,A41,12-Jan-04,JEWELLERY,285659.5
1198,A42,03-Jan-04,PETRO,296594.65
1199,A43,15-Jan-04,CLOTHES,172171.32
1200,A44,12-Jan-04,FOOD,363995.73
1201,A45,03-Jan-04,CAMERA,241139.52
1202,A46,15-Jan-04,SANDALS,48389.14
1203,A47,25-Jan-04,CAR,167204.15
1204,A48,17-Jan-05,BIKE,28569.09
1205,A49,23-Feb-05,AUTO,202133.43
1206,A50,01-Feb-05,SHOPPING,403456.53
1207,A51,05-Feb-04,AIR TICKET,260844.61
1208,A52,28-Feb-05,BUS TICKET,307330.8
1209,A53,16-Feb-05,TRAIN TICKET,355052.9
1210,A54,23-Feb-05,RENTAL,122119.9
1211,A55,03-Feb-05,MOVIE TICKET,127432.64
1212,A56,04-Feb-06,JEWELLERY,481587.27
1213,A57,25-Mar-06,PETRO,149750.73
1214,A58,31-Mar-06,CLOTHES,400882.5
1215,A59,23-Mar-06,FOOD,274686.56
1216,A60,19-Mar-04,CAMERA,305955.6
1217,A61,05-Mar-06,CAMERA,237635.09
1218,A60,04-Apr-05,CAMERA,316196.2
1219,A61,30-Apr-06,CAMERA,347019.23
1220,A62,25-Apr-04,SHOPPING,222806.33
1221,A36,19-Apr-06,AIR TICKET,119232.67
1222,A37,06-Apr-04,BUS TICKET,87633.92
1223,A38,27-Apr-05,TRAIN TICKET,136185.87
1224,A39,05-May-04,RENTAL,197783.17
1225,A40,06-May-06,MOVIE TICKET,367109.58
1226,A41,07-May-05,JEWELLERY,186647.63
1227,A42,08-May-06,PETRO,326633.49
1228,A43,09-May-05,CLOTHES,425029.19
1229,A44,10-May-06,FOOD,461242.82
1230,A45,11-Jul-06,CAMERA,248061.75
1231,A46,12-Aug-05,SANDALS,444175.51
1232,A47,13-Sep-04,CAR,411196.65
1233,A48,20-Nov-05,BIKE,403772.02
1234,A49,21-Nov-06,AUTO,110234.83
1235,A50,22-Nov-05,SHOPPING,378836.14
1236,A51,23-Nov-04,AIR TICKET,339077.11
1237,A52,24-May-05,AIR TICKET,313351.15
1238,A53,25-May-05,AIR TICKET,58911.72
1239,A54,26-May-05,AIR TICKET,193549.19
1240,A55,27-May-05,AIR TICKET,450935.8
1241,A56,28-May-05,AIR TICKET,497368.07
1242,A57,29-May-05,AIR TICKET,390003.19
1243,A58,30-May-05,AIR TICKET,194262
1244,A59,31-May-05,AIR TICKET,365270.93
1245,A60,01-Jun-05,AIR TICKET,312826.1
1246,A61,02-Jun-05,AIR TICKET,290446.41
1247,A60,03-Jun-05,AIR TICKET,268099.23
1248,A61,03-Jul-05,AIR TICKET,152889.45
1249,A62,03-Aug-05,AIR TICKET,70049.12
1250,A36,03-Sep-05,AIR TICKET,185913.62
1251,A37,03-Oct-05,AIR TICKET,223294.32
1252,A38,03-Nov-05,AIR TICKET,140330.7
1253,A39,03-Dec-05,AIR TICKET,65578.12
1254,A40,03-Jan-06,AIR TICKET,376503.24
1255,A41,03-Feb-06,AIR TICKET,143916.94
1256,A42,03-Mar-06,AIR TICKET,83976.45
1257,A43,03-Apr-06,AIR TICKET,8806.98
1258,A44,03-May-06,AIR TICKET,140018.81
1259,A45,03-Jun-06,AIR TICKET,7553.18
1260,A46,03-Jul-06,AIR TICKET,191003.23
1261,A47,03-Aug-06,AIR TICKET,380701.19
1262,A48,03-Sep-06,AIR TICKET,34763.1
1263,A49,03-Oct-06,JEWELLERY,431106.59
1264,A50,03-Nov-06,PETRO,334520.52
1265,A51,03-Dec-06,CLOTHES,338487.58
1266,A52,12-Jan-04,FOOD,178238.22
1267,A53,03-Jan-04,CAMERA,431043.38
1268,A54,15-Jan-04,CAMERA,161266.69
1269,A55,25-Jan-04,CAMERA,412896.35
1270,A56,17-Jan-05,CAMERA,474957.29
1271,A57,23-Feb-05,SHOPPING,19910.49
1272,A58,01-Feb-05,AIR TICKET,79949.77
1273,A59,05-Feb-04,BUS TICKET,148214.1
1274,A60,28-Feb-05,TRAIN TICKET,268335.38
1275,A61,16-Feb-05,RENTAL,26620.47
1276,A60,23-Feb-05,MOVIE TICKET,451093.63
1277,A61,03-Feb-05,JEWELLERY,36566.43
1278,A62,04-Feb-06,PETRO,360832.43
1279,A36,25-Mar-06,CLOTHES,402971.3
1280,A37,31-Mar-06,CLOTHES,360275.66
1281,A38,23-Mar-06,CLOTHES,240838.12
1282,A39,24-Mar-06,CLOTHES,304227.82
1283,A40,25-Mar-06,CLOTHES,457306.26
1284,A41,26-Mar-06,CLOTHES,60184.03
1285,A42,27-Mar-06,CLOTHES,122304.99
1286,A43,28-Mar-06,CLOTHES,446363.89
1287,A44,29-Mar-06,CLOTHES,259755.18
1288,A45,30-Mar-06,CLOTHES,264508.2
1289,A46,31-Mar-06,TRAIN TICKET,467881.05
1290,A47,01-Apr-06,RENTAL,80959.08
1291,A48,02-Apr-06,MOVIE TICKET,325305.43
1292,A49,03-Apr-06,JEWELLERY,308092.12
1293,A50,04-Apr-06,PETRO,230134.29
1294,A51,12-Jan-04,CLOTHES,485688.73
1295,A52,03-Jan-04,FOOD,313374.22
1296,A53,15-Jan-04,CAMERA,213228.84
1297,A54,25-Jan-04,CAMERA,494457.44
1298,A55,12-Jan-04,CAMERA,244092.6
1299,A56,03-Jan-04,CAMERA,194695.72
1300,A57,15-Jan-04,SHOPPING,199186.44
1301,A58,25-Jan-04,AIR TICKET,281284.63
1302,A59,12-Jan-04,BUS TICKET,176363.47
1303,A60,03-Jan-04,TRAIN TICKET,454349.36
1304,A61,15-Jan-04,RENTAL,396858.13
1305,A60,25-Jan-04,MOVIE TICKET,445859.26
1306,A61,12-Jan-04,JEWELLERY,403777.74
1307,A62,03-Jan-04,PETRO,361346.18
1308,A36,15-Jan-04,CLOTHES,78835.86
1309,A37,12-Jan-04,FOOD,325716.97
1310,A38,03-Jan-04,CAMERA,447673.43
1311,A39,15-Jan-04,SANDALS,152794.71
1312,A40,25-Jan-04,CAR,472337.13
1313,A41,17-Jan-05,BIKE,349764.68
1314,A42,23-Feb-05,AUTO,191608.25
1315,A43,01-Feb-05,SHOPPING,6445.55
1316,A44,05-Feb-04,AIR TICKET,53951.61
1317,A45,28-Feb-05,BUS TICKET,300960.46
1318,A46,16-Feb-05,TRAIN TICKET,330132.62
1319,A47,23-Feb-05,TRAIN TICKET,89297.76
1320,A48,03-Feb-05,TRAIN TICKET,360016.22
1321,A49,04-Feb-06,TRAIN TICKET,327690.67
1322,A50,25-Mar-06,TRAIN TICKET,67583.69
1323,A51,31-Mar-06,TRAIN TICKET,89571.94
1324,A52,23-Mar-06,TRAIN TICKET,336196.48
1325,A53,19-Mar-04,TRAIN TICKET,63888.88
1326,A54,05-Mar-06,TRAIN TICKET,108824.87
1327,A55,04-Apr-05,TRAIN TICKET,416430.15
1328,A56,30-Apr-06,TRAIN TICKET,249003.25
1329,A57,25-Apr-04,TRAIN TICKET,245152.21
1330,A58,19-Apr-06,TRAIN TICKET,342976.2
1331,A59,06-Apr-04,TRAIN TICKET,381428.67
1332,A60,27-Apr-05,TRAIN TICKET,447530.58
1333,A61,05-May-04,RENTAL,452028.03
1334,A60,06-May-06,MOVIE TICKET,388063.32
1335,A61,07-May-05,JEWELLERY,282168.93
1336,A62,08-May-06,PETRO,16782.6
1337,A36,09-May-05,CLOTHES,408892.04
1338,A37,10-May-06,FOOD,44387.34
1339,A38,11-Jul-06,CAMERA,412599.88
1340,A39,12-Aug-05,SANDALS,398772.94
1341,A40,13-Sep-04,CAR,129309.31
1342,A41,20-Nov-05,BIKE,488800.78
1343,A42,21-Nov-06,AUTO,75620.93
1344,A43,22-Nov-05,SHOPPING,348851.17
1345,A44,23-Nov-04,AIR TICKET,147669.99
1346,A45,24-May-05,BUS TICKET,393767.3
1347,A46,25-May-05,TRAIN TICKET,344405.24
1348,A47,26-May-05,RENTAL,388218.55
1349,A48,27-May-05,MOVIE TICKET,258540.55
1350,A49,28-May-05,JEWELLERY,189462.58
1351,A50,29-May-05,PETRO,194148.58
1352,A51,30-May-05,PETRO,191971.9
1353,A52,31-May-05,PETRO,489352.86
1354,A53,01-Jun-05,PETRO,110241.42
1355,A54,02-Jun-05,PETRO,155278.41
1356,A55,03-Jun-05,PETRO,496185.13
1357,A56,03-Jul-05,PETRO,226224.39
1358,A57,03-Aug-05,PETRO,113117.61
1359,A58,03-Sep-05,PETRO,209639.64
1360,A59,03-Oct-05,PETRO,379105.49
1361,A60,03-Nov-05,PETRO,196457.74
1362,A61,03-Dec-05,PETRO,62914.03
1363,A60,03-Jan-06,PETRO,30614.56
1364,A61,03-Feb-06,PETRO,126283.33
1365,A62,03-Mar-06,CAR,285498.52
1366,A36,03-Apr-06,BIKE,8391.95
1367,A37,03-May-06,AUTO,53750.45
1368,A38,03-Jun-06,SHOPPING,467923.97
1369,A39,03-Jul-06,AIR TICKET,250483.5
1370,A40,03-Aug-06,BUS TICKET,204066.99
1371,A41,03-Sep-06,TRAIN TICKET,302730.7
1372,A42,03-Oct-06,RENTAL,78453.76
1373,A43,03-Nov-06,MOVIE TICKET,250480.13
1374,A44,03-Dec-06,JEWELLERY,313591.17
1375,A45,12-Jan-04,PETRO,210905.85
1376,A46,03-Jan-04,CLOTHES,53907.13
1377,A47,15-Jan-04,CLOTHES,499793.49
1378,A48,25-Jan-04,CLOTHES,124515.22
1379,A49,17-Jan-05,CLOTHES,104533.09
1380,A50,23-Feb-05,CLOTHES,285724.8
1381,A51,01-Feb-05,CLOTHES,442353.98
1382,A52,05-Feb-04,CLOTHES,290123.86
1383,A53,28-Feb-05,CLOTHES,389005.53
1384,A54,16-Feb-05,CLOTHES,91140.13
1385,A55,23-Feb-05,CLOTHES,490040.9
1386,A56,03-Feb-05,CLOTHES,276525.82
1387,A57,04-Feb-06,CLOTHES,129110.67
1388,A58,25-Mar-06,JEWELLERY,348861.19
1389,A59,31-Mar-06,PETRO,67835.3
1390,A60,23-Mar-06,CLOTHES,167160.18
1391,A61,24-Mar-06,FOOD,151908.02
1392,A60,25-Mar-06,FOOD,153147.63
1393,A61,26-Mar-06,FOOD,111315.17
1394,A62,27-Mar-06,FOOD,54486.22
1395,A36,28-Mar-06,FOOD,418646.15
1396,A37,29-Mar-06,FOOD,31471.75
1397,A38,30-Mar-06,FOOD,338873.06
1398,A39,31-Mar-06,FOOD,416672.65
1399,A40,01-Apr-06,FOOD,236231.22
1400,A41,02-Apr-06,FOOD,147603.88
1401,A42,03-Apr-06,RENTAL,84931.16
1402,A43,04-Apr-06,MOVIE TICKET,458181.61
1403,A44,12-Jan-04,JEWELLERY,150962.18
1404,A45,03-Jan-04,PETRO,395544.28
1405,A46,15-Jan-04,CLOTHES,107439.53
1406,A47,25-Jan-04,FOOD,321181.13
1407,A48,12-Jan-04,CAMERA,268465.71
1408,A49,03-Jan-04,CAMERA,144163.36
1409,A50,15-Jan-04,CAMERA,429836.26
1410,A51,25-Jan-04,CAMERA,443043.39
1411,A52,12-Jan-04,SHOPPING,313571
1412,A53,03-Jan-04,AIR TICKET,461071.15
1413,A54,15-Jan-04,AIR TICKET,98748.94
1414,A55,25-Jan-04,AIR TICKET,456080.65
1415,A56,12-Jan-04,AIR TICKET,316155.21
1416,A57,03-Jan-04,AIR TICKET,162490.62
1417,A58,15-Jan-04,AIR TICKET,392868.39
1418,A59,12-Jan-04,AIR TICKET,495771.8
1419,A60,03-Jan-04,AIR TICKET,262521.84
1420,A61,15-Jan-04,AIR TICKET,3313.37
1421,A60,25-Jan-04,AIR TICKET,4977.49
1422,A61,17-Jan-05,AIR TICKET,443356.07
1423,A62,23-Feb-05,AIR TICKET,159734.23
1424,A36,01-Feb-05,AIR TICKET,229724.45
1425,A37,05-Feb-04,AIR TICKET,111152.18
1426,A38,28-Feb-05,AIR TICKET,397634.72
1427,A39,16-Feb-05,AIR TICKET,211569.74
1428,A40,23-Feb-05,BUS TICKET,376766.34
1429,A41,03-Feb-05,TRAIN TICKET,42447.06
1430,A42,04-Feb-06,RENTAL,445304.14
1431,A43,25-Mar-06,MOVIE TICKET,132133.11
1432,A44,31-Mar-06,JEWELLERY,219556.74
1433,A45,23-Mar-06,JEWELLERY,298900.61
1434,A46,19-Mar-04,JEWELLERY,468872.11
1435,A47,05-Mar-06,JEWELLERY,51935.69
1436,A48,04-Apr-05,JEWELLERY,218304.93
1437,A49,30-Apr-06,JEWELLERY,496680.91
1438,A50,25-Apr-04,JEWELLERY,333534.98
1439,A51,19-Apr-06,JEWELLERY,144892.7
1440,A52,06-Apr-04,JEWELLERY,91769.02
1441,A53,27-Apr-05,JEWELLERY,129641.87
1442,A54,05-May-04,JEWELLERY,139648.2
1443,A55,06-May-06,JEWELLERY,192843.3
1444,A56,07-May-05,JEWELLERY,110809.17
1445,A57,08-May-06,JEWELLERY,116195.53
1446,A58,09-May-05,JEWELLERY,62814.73
1447,A59,10-May-06,JEWELLERY,240006.76
1448,A60,11-Jul-06,JEWELLERY,474907.71
1449,A61,12-Aug-05,AIR TICKET,487680.73
1450,A60,13-Sep-04,BUS TICKET,316498.85
1451,A61,20-Nov-05,BUS TICKET,379397.99
1452,A62,21-Nov-06,BUS TICKET,186080.25
1453,A63,22-Nov-05,BUS TICKET,377131.64
1454,A36,23-Nov-04,BUS TICKET,346942.78
1455,A37,24-May-05,BUS TICKET,465683.38
1456,A38,25-May-05,BUS TICKET,388061.14
1457,A39,26-May-05,BUS TICKET,482512.25
1458,A40,27-May-05,BUS TICKET,338275.82
1459,A41,28-May-05,BUS TICKET,138408.27
1460,A42,29-May-05,BUS TICKET,417365.17
1461,A43,30-May-05,CAMERA,182523.86
1462,A44,31-May-05,SHOPPING,42313.6
1463,A45,01-Jun-05,AIR TICKET,443959.84
1464,A46,02-Jun-05,BUS TICKET,139519.21
1465,A47,03-Jun-05,TRAIN TICKET,293023.11
1466,A48,03-Jul-05,RENTAL,377531.79
1467,A49,03-Aug-05,MOVIE TICKET,251942.06
1468,A50,03-Sep-05,MOVIE TICKET,82299.94
1469,A51,03-Oct-05,MOVIE TICKET,21787.94
1470,A52,03-Nov-05,MOVIE TICKET,258132.93
1471,A53,03-Dec-05,MOVIE TICKET,85235.64
1472,A54,03-Jan-06,MOVIE TICKET,292020.54
1473,A55,03-Feb-06,MOVIE TICKET,15199.55
1474,A56,03-Mar-06,MOVIE TICKET,327358.8
1475,A57,03-Apr-06,MOVIE TICKET,92101.32
1476,A58,03-May-06,AUTO,163775.96
1477,A59,03-Jun-06,SHOPPING,43493.07
1478,A60,03-Jul-06,AIR TICKET,273977.69
1479,A61,03-Aug-06,BUS TICKET,294180.68
1480,A60,03-Sep-06,TRAIN TICKET,209649.02
1481,A61,03-Oct-06,RENTAL,8682.98
1482,A62,03-Nov-06,MOVIE TICKET,481412.75
1483,A56,03-Dec-06,JEWELLERY,223628.27
1484,A57,12-Jan-04,PETRO,179402.44
1485,A58,03-Jan-04,CLOTHES,383742.74
1486,A59,15-Jan-04,FOOD,181115.2
1487,A60,25-Jan-04,CAMERA,240648.48
1488,A61,17-Jan-05,CAMERA,393623.57
1489,A60,23-Feb-05,CAMERA,384933.82
1490,A61,01-Feb-05,CAMERA,90754.27
1491,A62,05-Feb-04,SHOPPING,333488.91
1492,A63,28-Feb-05,AIR TICKET,244678.86
1493,A64,16-Feb-05,BUS TICKET,468684.01
1494,A65,23-Feb-05,BUS TICKET,98178.42
1495,A66,03-Feb-05,BUS TICKET,162670.43
1496,A67,04-Feb-06,BUS TICKET,356872.73
1497,A68,25-Mar-06,BUS TICKET,204971.1
1498,A69,31-Mar-06,BUS TICKET,50449.44
1499,A70,23-Mar-06,BUS TICKET,80593.94
1500,A71,24-Mar-06,BUS TICKET,194447.62
